{
  "pessoas": [
    {
      "id": 1,
      "name": "John",
      "age": 30
    },
    {
      "id": 2,
      "name": "Alice",
      "age": 25
    },
    {
      "id": 3,
      "name": "Bob",
      "age": null
    },
    {
      "id": 4,
      "name": "Emma",
      "age": 28
    },
    {
      "id": 5,
      "name": "Michael",
      "age": 35
    },
    {
      "id": 6,
      "name": "Sophia",
      "age": 22
    },
    {
      "id": 7,
      "name": "Lucas",
      "age": 33
    },
    {
      "id": 8,
      "name": null,
      "age": 27
    },
    {
      "id": 9,
      "name": "Daniel",
      "age": 31
    },
    {
      "id": 10,
      "name": "Olivia",
      "age": 24
    },
    {
      "id": 11,
      "name": "James",
      "age": 29
    },
    {
      "id": 12,
      "name": "Charlotte",
      "age": 26
    },
    {
      "id": 13,
      "name": "Liam",
      "age": 32
    },
    {
      "id": 14,
      "name": "Amelia",
      "age": 21
    },
    {
      "id": 15,
      "name": "Ethan",
      "age": null
    },
    {
      "id": 16,
      "name": "Mia",
      "age": 23
    },
    {
      "id": 17,
      "name": "Sebastian",
      "age": 34
    },
    {
      "id": 18,
      "name": "Ava",
      "age": 27
    },
    {
      "id": 19,
      "name": "William",
      "age": 38
    },
    {
      "id": 20,
      "name": "Grace",
      "age": 29
    },
    {
      "id": 21,
      "name": null,
      "age": 40
    },
    {
      "id": null,
      "name": "Zoe",
      "age": 26
    }
  ]
}
